checkpoint,depth.building.abs_rel.mean,depth.building.delta1.mean,depth.building.delta2.mean,depth.building.delta3.mean,depth.building.mae.mean,depth.building.rmse.mean,depth.building.rmse_log.mean,depth.building.si_log.mean,depth.building.sq_rel.mean,depth.full.abs_rel.mean,depth.full.delta1.mean,depth.full.delta2.mean,depth.full.delta3.mean,depth.full.mae.mean,depth.full.rmse.mean,depth.full.rmse_log.mean,depth.full.si_log.mean,depth.full.sq_rel.mean,depth.non_building.abs_rel.mean,depth.non_building.delta1.mean,depth.non_building.delta2.mean,depth.non_building.delta3.mean,depth.non_building.mae.mean,depth.non_building.rmse.mean,depth.non_building.rmse_log.mean,depth.non_building.si_log.mean,depth.non_building.sq_rel.mean,normals.building.angular_mean.mean,normals.building.angular_median.mean,normals.building.inlier_11_25.mean,normals.building.inlier_22_5.mean,normals.building.inlier_30.mean,normals.full.angular_mean.mean,normals.full.angular_median.mean,normals.full.inlier_11_25.mean,normals.full.inlier_22_5.mean,normals.full.inlier_30.mean,performance.fps.mean,performance.latency_sec.mean,performance.vram_mb.mean,photometric.building.error.mean,photometric.building.inlier_ratio.mean,planarity.building.inlier_ratio.mean,planarity.building.residual_mean.mean,planarity.building.residual_median.mean,pose.ate_rot_deg.mean,pose.ate_trans.mean,pose.rpe_rot_deg.mean,pose.rpe_trans.mean
baseline,2.0440308091828205,0.38220205705401766,0.5677980354905302,0.666650753778716,15.394533267696005,18.13063833882705,0.8424628543083332,0.5414112011696117,71.4984506139806,0.37699375914223493,0.6799876878634096,0.8642582607641817,0.9232613543570042,4.221315661638975,8.09621905889362,0.3862000433029607,0.38231694004777816,7.8807595790578056,0.3423956065438688,0.6890109221413732,0.8734248051419854,0.9304058120399713,3.9621082353964447,7.700193270944059,0.3658709036009386,0.3612432644069195,6.8524028358631766,83.73374422408347,84.38324399199537,0.03004326124740873,0.08344288519174728,0.1185081714341971,93.05471657943725,88.02431140899658,0.05316485141500016,0.09830388459330425,0.11608016102667898,0.34268332617231045,2.9181460655519986,10124.09326171875,0.07336316700603873,0.6544701203350369,0.14929078198530485,0.6320719933339684,0.5177237572066092,176.96611177062988,3628.5294018554687,1.2245737046881446,51.90021981994169
checkpoint_0,0.8491471107257715,0.13084658946580474,0.26230638973347736,0.38952965612637525,17.18548173876159,20.501170273232496,0.98685262392272,0.5632872413085521,14.750717837572465,0.6029623646903783,0.2339706431310624,0.44360351651906965,0.6414082526192069,8.162733440622688,12.4880497084558,0.69566221071966,0.6905465727895498,6.208628452666104,0.6018951161801815,0.23736242176778616,0.4492833845540881,0.6494524371400475,7.883789180889726,12.077379385501146,0.685012506974861,0.6785992476772517,6.010534613291733,74.81774408076062,84.81279647087128,0.04847981639046638,0.14756312166413793,0.19590543408298725,72.31070641708374,82.1817455997467,0.05231176112964749,0.1591672779507935,0.20660959781333804,0.3303864730809587,3.0267583011940005,10144.73876953125,0.13214528830088368,0.4891722431069229,0.3119718174417006,0.2868933672673909,0.2618030666011568,177.77108938217162,3629.952105529785,1.1424830235083188,48.16060193502903
checkpoint_1,0.8946896114898208,0.13916151312467676,0.2763125070691442,0.4160211584210189,17.052759800521997,20.04013027058736,0.9090007937562238,0.5548847542644759,15.308493804755836,0.5558075746893882,0.27505126617103814,0.5138295935690403,0.7061894582286478,7.541247620031237,11.73548949199915,0.6300331767499446,0.6262599580492825,5.607899837259203,0.5504405197016895,0.2794535223804414,0.5213282166644931,0.7151712720170618,7.263537185981869,11.32903599022329,0.6198224858008325,0.615229121612385,5.383563761860132,83.95592538756033,84.01312691358416,0.020576726848193273,0.05584498775433655,0.08695973385863953,81.03927545166016,79.07411719512939,0.02559967186395079,0.06775752932112664,0.10658666113391518,0.3302061827344955,3.0284108907920015,10145.23779296875,0.1328307358972342,0.48455213301378225,0.2956108307022182,0.2878232616185016,0.2514613052556968,178.0895227241516,3611.8279406433107,1.0093703845547777,48.03235050656966
checkpoint_2,0.9807033790388342,0.1692492508665105,0.33463401163657613,0.5079846971723087,14.83646117449338,17.755584683663706,0.8202993177305807,0.5431751388120193,15.516358108766736,0.3415409829560667,0.4432624163068831,0.7342598013170063,0.856015291787684,5.630196982353926,10.048633771747351,0.46908593237772583,0.4151811360362917,3.5575422116164117,0.32684697312302885,0.4525727250557393,0.7478034637682139,0.8670356092005969,5.3312840728908775,9.617276391595603,0.4531875482313335,0.39815024933218957,3.2712608717214318,76.75921743600338,83.96699380177652,0.03713220346406926,0.11612536604624116,0.16107630423384714,87.90525743675232,86.55591310501099,0.05480138226924464,0.10421328543592244,0.13030000793375074,0.3306378768653439,3.024456875542004,10145.23779296875,0.1271122580524457,0.49325922164216374,0.27803373717323754,0.32795584556692703,0.2852249109313151,178.03069185638427,3657.7612069396973,1.0294441180889096,48.34281518799918
checkpoint_3,0.9933291929545441,0.16274126307037612,0.32576656226788486,0.4994640111706772,14.880571342999326,17.845312720451684,0.8304091900868058,0.5502953970269591,15.618376332892316,0.3194306982792914,0.5333361824005842,0.7543233705684542,0.8533381605148316,5.5545931994318964,10.206106871925295,0.459641335522756,0.41833331700228155,3.5461142013762146,0.30515740853734313,0.5470353665407747,0.7691636380031704,0.8645133383795619,5.24138203458488,9.758047624863684,0.4427688715327531,0.40228936993516984,3.2691349387085067,75.29095386021923,84.63957354773773,0.05258751004399582,0.14036048548877542,0.17866744864658085,87.78126161003112,86.34566153144837,0.054544729453977196,0.11247866168059409,0.13664290167577564,0.33044775566085927,3.026196979307999,10145.23779296875,0.13208678853957737,0.48969289674581357,0.2856891385269843,0.31420905105227187,0.27142036284014315,177.98630781173705,3652.4104162597655,1.0211577423502292,48.66442773629938
checkpoint_4,0.9986801935883916,0.16368504338189901,0.3372430782038504,0.5084008092217369,14.953115759842891,17.70924174257752,0.8232433517619514,0.5414653253563223,15.903699202363583,0.31469373929686845,0.5422516132388264,0.7645242688283325,0.8597161988317966,5.349440093927085,9.9082158960402,0.45061383829638363,0.4116442249212414,3.4595999534185977,0.29755370279029014,0.5565820116177201,0.7809980290159583,0.871797875970602,5.025545183636248,9.451714575976133,0.4318871533665806,0.3926375694125891,3.1486253899615257,75.53394471846947,83.81132266312254,0.049507790610401545,0.13110844879289596,0.16747213652907203,88.15472736167908,86.5807545490265,0.04939860688010231,0.10976844907877967,0.1340160823026672,0.3303613895463526,3.0269881155699987,10145.23779296875,0.13216293092126727,0.4874109575076655,0.2800212173061488,0.32994302425534955,0.2875214270667708,177.9061001548767,3666.455165588379,1.0872304505003352,50.96329712619101
checkpoint_5,1.0585339585898303,0.2547476937409349,0.47384198778929926,0.6481634038694443,12.369820109707707,14.88630874740803,0.7157063992319042,0.5375290730519109,16.914290470492052,0.2980574436681345,0.6289360374137759,0.8404625437185168,0.9169794459939002,4.2834194831103085,7.967576146543026,0.3672503704931587,0.3582187869362533,3.122317662931979,0.2782391965966672,0.6397085468620062,0.8518692354559898,0.9251372767984867,4.030508982568979,7.599160948857665,0.3508624021653086,0.3403669659979641,2.7671074515618383,79.1622627559351,77.86964565844356,0.02105741731987182,0.06576894277369959,0.10605234768790162,91.40738480186462,86.46854600715638,0.04025757115380839,0.0838508589696139,0.1077928138654679,0.3293043245083325,3.0367047304740042,10145.23779296875,0.1348337489346105,0.49132069070468404,0.2348828738860986,0.37286361268973567,0.32309360198690884,178.02362588882445,3658.187939239502,1.0402533123636883,47.6029248590512
checkpoint_6,1.1006127298595463,0.3155328959149199,0.5367462970704318,0.69244698586602,11.33422147843715,13.432712319072905,0.6786874823137065,0.49539320521500246,18.74054237777455,0.30326898295618593,0.6493347001075744,0.8641426218822599,0.9320170576125384,3.8802171952575444,6.944125551477074,0.3503809604048729,0.34569463828764857,3.311533728223294,0.2857927868887782,0.6586276215575635,0.8728456992283463,0.9377647509276867,3.6703094141334294,6.6393862327635285,0.3366970012038946,0.3310458271782845,2.9754137993119656,80.8216828491369,82.71639351966601,0.03499049149883442,0.11157115869657148,0.15516147258222898,92.17339145660401,86.92548943901062,0.044087468539830296,0.09125395656516776,0.1159184970408678,0.32948101708188987,3.0350762203440027,10145.23779296875,0.13343348025008292,0.49059732435247455,0.20554213285429923,0.42330683589219875,0.37533623620311823,178.05640758895873,3587.8190902404785,1.0258061921628459,47.908396163599825
checkpoint_7,1.1095875941513216,0.33573730690763487,0.5623024041378657,0.7035963496859398,10.897938965162137,13.002106912614785,0.6770256369178065,0.5053970900739186,19.324402117689033,0.31073253793362526,0.6638287807032466,0.8683690686449409,0.9321125266999006,3.8524151270613074,6.882727741762996,0.3523481229227036,0.3485051543172449,3.5686780697358773,0.2891583905788139,0.6727923144735396,0.8776250651925802,0.938839418798685,3.6426282307356597,6.587956876561045,0.3368211394604296,0.3320214200336486,3.1613403116343544,81.17634152073663,84.30057238342079,0.04778360579911066,0.12072950655583839,0.1622436234213348,92.04661269760132,87.00211618614196,0.044973585108993575,0.09212445439491421,0.11690906126797199,0.32925192386968694,3.03718802383,10145.23779296875,0.12833271259088408,0.4954439927713242,0.19973326403679412,0.4401930223294943,0.39383016939179716,177.95993156814575,3668.833723907471,1.0336133992012058,48.746927888768056
checkpoint_8,1.163150747147242,0.3425676280281602,0.5681546539134492,0.7093387186540506,11.047855398811018,13.120538747921389,0.6752320199335379,0.49824376219439104,20.610078686534425,0.29756452938821165,0.674522152621299,0.8741856745034456,0.93606776098907,3.764781259968877,6.767997445881367,0.34138388323225083,0.33758296197094023,3.3692153144525365,0.2782928945021704,0.6837679162919521,0.8828749998509884,0.9421526790112257,3.5649940813928844,6.495444241404534,0.32698536683805285,0.3222220154646784,3.0214642164735124,80.69986462384972,84.64519763544796,0.052825888952300434,0.12733765135093308,0.16802969302388307,92.10832439231872,87.00250250053406,0.044817097825463864,0.09222701560147106,0.11689601774513722,0.3287028060756714,3.0422618289719976,10145.23779296875,0.13147926980492944,0.49084880127588915,0.19279968737218645,0.42940558221324526,0.3881485995819703,178.09711181259155,3607.4686940307615,1.108876576310822,52.81540835322653
checkpoint_9,1.1915419282597504,0.344171932326677,0.5552286598870221,0.6887675638320734,11.022108910329964,13.091235600071757,0.697793792907918,0.5091203365472092,21.452808456581113,0.3211760959038511,0.6460068854540586,0.8663805681020021,0.9306197652816772,3.8660370862036944,6.835536799758673,0.3568458434641361,0.3533966384585947,3.765559436775744,0.3008159506842494,0.6558433822207153,0.8753893197104334,0.9370256032049656,3.663008673220873,6.547694838359952,0.3415464350748807,0.3370275350045413,3.381458172082901,81.39618735797163,84.9057284085647,0.0536518253866023,0.12428301194433015,0.16316479911683532,92.54354422569276,87.13216778755188,0.04596007431182079,0.09323279637563973,0.11705561596341431,0.328962419071776,3.0398609142700006,10145.23779296875,0.13712600279228399,0.4769379698466161,0.20071296921697843,0.4351989461693876,0.3984314907481645,177.99580251312256,3588.5064334411622,1.0534664446179356,48.837046329310965
checkpoint_10,1.0767061384513321,0.3479583267827421,0.5735205329651318,0.7123234189977712,10.635210383119643,12.755179717293723,0.6652901515106459,0.4996362612229134,18.448505523484172,0.3034751858888194,0.6593527874089777,0.8708505704849958,0.9341513454169035,3.776405527025461,6.7464431431442495,0.34667045648023487,0.3431284971013665,3.400207215156406,0.2840923305256292,0.6689788930229843,0.8802240569144487,0.9407266871631146,3.5629252595230936,6.439212511822581,0.33157364053092897,0.32712495043314993,3.0422621150948106,81.17752247989768,84.69162254741539,0.053274219854204795,0.1255538244196576,0.16547506796907438,92.59054682350158,87.12116061973572,0.04465526003262494,0.09262098249513656,0.11669192997924983,0.3293415417295102,3.036361567838001,10145.23779296875,0.13696644815171222,0.47433518909010775,0.19294639926613782,0.42721842382647196,0.38860941245366926,178.02056993103028,3607.8436766967775,1.0928129768499306,52.33406653371879
checkpoint_11,1.1520473681693806,0.3492597764789559,0.5749218764368699,0.7068021703377677,10.835176670474317,12.968535190655125,0.6789427916884326,0.49876983815708387,20.770036463817572,0.3015635293694213,0.6726181223653257,0.8752456150203943,0.9357407111078501,3.7248127557337285,6.6777958042621615,0.3433874237965792,0.33999883169867096,3.508826439852826,0.2807359740231186,0.6837086909525096,0.884723354563117,0.9423575702607632,3.504019045427442,6.356196043208241,0.32728173698857427,0.32317069617658856,3.1063942695707083,81.34533044959498,84.84294331259366,0.055421823744635904,0.1268712052520462,0.16572734405947698,92.63094214630127,87.0255618648529,0.04414168485766277,0.09215435311291367,0.11607075431756675,0.32964611152438783,3.0335561835560076,10145.23779296875,0.13814043693844716,0.47991585107406876,0.18998985803824056,0.44542055632160216,0.40945585087010705,177.93153434371948,3617.891306488037,1.2059936185207751,57.42357921929019
checkpoint_12,1.0406891095858222,0.3518872547906077,0.5827197506497723,0.7231071143500356,10.371990719044613,12.52588594353837,0.65465498992267,0.5035318051977384,16.648911141365996,0.294407715363428,0.6639342955350875,0.8747836070433259,0.9359019473493099,3.7383987086340786,6.697837577208877,0.3401703738924116,0.33692145522497596,3.1992464064005763,0.27587370925582944,0.674781603615731,0.8839403202459216,0.9419433366209269,3.5332998355478047,6.411439604133368,0.32553928822278977,0.3214119741860777,2.8750925598759203,81.08422391570586,84.95771357503627,0.05706037775965667,0.12879156774439598,0.1684311666799857,92.69302365493775,87.06825339889527,0.04403914085985161,0.09251672899257392,0.11655700572766364,0.3293079922486518,3.0366709085059993,10145.23779296875,0.1318220910625646,0.4868862126530639,0.20314469734372545,0.40432000597178075,0.3720820881796554,178.01194066238403,3626.7120617370606,1.0429041461524153,48.00066060832568
checkpoint_13,0.9903161140898546,0.34948138883426133,0.5757154382702544,0.7188996496828313,10.282254245528515,12.421663628360058,0.640141648479493,0.4864070705499571,15.368032944489086,0.2857432814016938,0.6712304557971657,0.872457929737866,0.9353387951999903,3.7588829468935727,6.811100454807281,0.33699450905062256,0.3335382313877344,3.032501397702843,0.26835720894113185,0.6819650469645858,0.8816774628683924,0.9414504864662886,3.548740154623985,6.516774611175061,0.32322178956493736,0.3189503353592008,2.7333339753933252,80.85333561457641,84.67542987123448,0.05638356827932628,0.1303810091583547,0.1703116722266249,92.83278884124756,87.21533821678162,0.043816789450123905,0.09246706346049904,0.11658830830082298,0.3290706877883826,3.0388607588260057,10145.23779296875,0.12634380417038324,0.5027930620474725,0.21186896060817043,0.3978023475033919,0.3667747232848143,178.0160216178894,3625.3694738464355,0.9562211938628129,44.08547485009261
checkpoint_14,0.9780181144715006,0.373199893047814,0.5965438624396298,0.7313460369711338,10.195372872259592,12.285021179546746,0.6309010062003569,0.47297802543239953,16.67003163043741,0.2910369110926986,0.6734085958749055,0.8784424057379365,0.9375346111804247,3.7093015692979097,6.6678136402070525,0.3354331957791001,0.33202592046931384,3.3200614816900345,0.27329537095315753,0.68352005167678,0.8869822794795036,0.9432449196577072,3.5085925281494856,6.37766771261394,0.32137477732263503,0.31712039649579676,2.993866213215515,80.97992362431307,84.83433341614588,0.0591654185251437,0.1304941968726353,0.16930388603768193,92.87512215805053,87.09064731216431,0.0445654124179855,0.09289239827357233,0.11679636719636619,0.3292191639518693,3.037490248126007,10145.23779296875,0.13446709892562864,0.48122274916160657,0.1883175005678153,0.42594101830568065,0.3941389373978511,178.04309341049193,3598.798623138428,1.0720311488908316,49.59299523094722
checkpoint_15,1.0668655753950962,0.3614565849788023,0.5827359564008703,0.7222865573871183,10.11106120944236,12.190700552296272,0.6472589526397283,0.48325718163022796,18.118908705231718,0.29450244351290167,0.6669724994637072,0.8756146603748203,0.9362271610945463,3.678852617546916,6.58278298124671,0.3388558763973415,0.3356007300950587,3.2657692899880932,0.2778809190019965,0.6771068016067148,0.8843735901489854,0.9418710695058108,3.492344661012292,6.32542896515131,0.32543136379122733,0.32144225486926736,2.982165618869476,81.20817051662458,84.93277189102568,0.05697131067159812,0.1287801521841898,0.16727559483932283,92.87953352928162,87.15396232414246,0.044415815950604155,0.09307938057277351,0.11700466120801865,0.3297832175758872,3.032294994726006,10145.23779296875,0.13075039224759893,0.49412456308130404,0.19178446194344106,0.4234020103378615,0.3926863599735462,177.8048376235962,3613.382941894531,1.0952490826137364,51.684350055030414
checkpoint_16,1.019955905245495,0.36142501257373993,0.5806089291883764,0.7161398157321436,10.28823403438772,12.418490960775078,0.6518732587586975,0.4867914049235667,17.51638868103206,0.29796851169504224,0.6730969194918871,0.8776158059164881,0.936722277879715,3.6770415038764477,6.594291472703218,0.3390527303554118,0.33568139909394085,3.378894381372258,0.28227180025167764,0.6827922972403466,0.8856748220324516,0.9419877679347992,3.4996040627360343,6.336917634367943,0.32627668216079475,0.3222452232185751,3.093657536393963,80.71413464054338,84.69060084437231,0.06040004219229061,0.13307957936853523,0.17171097026315962,92.9639633769989,86.97113911247253,0.043842616936890406,0.09247277408838273,0.11628419431298971,0.3302109748097177,3.0283669420019868,10145.23779296875,0.1352191456960408,0.47938312190844873,0.1971263014079769,0.4107450114810903,0.3803652923888985,177.88071641921997,3655.4028340148925,1.0457606524787844,48.72177960220405
checkpoint_17,0.9731664913342524,0.35920905684662807,0.5905014655922799,0.7336448918859841,10.326605364560558,12.535302500684736,0.6348649619230178,0.48946549304220327,16.291494629220914,0.28700522327329964,0.6788249332793057,0.8782652609199285,0.9383730412721634,3.670941841214895,6.631727692529559,0.3339908599741757,0.330657553980127,3.198153514711186,0.2706503341458738,0.6899012319408357,0.8872231140211224,0.9440255665481091,3.4701493731588124,6.340305201023817,0.32027612942643463,0.316252717314288,2.901809782850556,81.11231233639992,84.94309283016894,0.05927565489214327,0.1318550519512557,0.1702988516876761,93.07013147735596,87.11080638694763,0.04359273579053115,0.092562314462848,0.11633897702768445,0.32828222886391767,3.0461594082039953,10145.23779296875,0.1331825307995491,0.48629410139418183,0.20033632322337197,0.41410844906858735,0.38693241528877853,177.99658996200563,3623.216807006836,1.214531603069178,58.20199986040592
checkpoint_18,0.8375956648190197,0.3650980930633542,0.6042150218128792,0.7525488474258069,9.95255210902307,12.12793096808229,0.5993113788268601,0.4713494169202715,13.060128693062458,0.2740726240221411,0.6836358632072806,0.8807090853154659,0.9401361155211926,3.627767903983593,6.577968233257532,0.3265366361606866,0.32315500212833287,2.9261688833404333,0.2579030230091885,0.6954880458302796,0.8899895471632481,0.9457868327647447,3.4232507615834473,6.29204957409203,0.312886194717139,0.30873640631698074,2.6467357630413026,81.09518047713271,85.0063930570886,0.06126275229631485,0.13267297430623284,0.17065226521274576,92.95755346870422,87.00275505256653,0.043086455794866196,0.09198343185801058,0.11600086397118867,0.32983854007374125,3.0317864000260015,10145.23779296875,0.13520460513593055,0.49273222135602934,0.2011041534087808,0.3983602886222437,0.3712825600894073,178.00322853851318,3587.99301663208,1.1649442304702742,54.91570774362342
checkpoint_19,0.9252666010852467,0.3590695350254178,0.5922735882247773,0.7392791202873714,10.022337621518714,12.138941716644187,0.6222756532141909,0.4804206480489231,15.076884228386708,0.2799932096330449,0.6783792343772947,0.8796454348191619,0.9397365006506443,3.641052696585655,6.581422849476337,0.3294420486073941,0.3262960328347981,3.015642707665451,0.2627076136888936,0.6884284359700977,0.88887691578269,0.9457298907041549,3.4456622488498687,6.3054903087764975,0.3156345380153507,0.31146343116462233,2.7157261305572464,81.06714250979097,85.04951753114399,0.06161319239208767,0.13390017075032648,0.17198031659965293,93.13847051811219,87.0941478176117,0.0432915829163976,0.09225410941895097,0.11600566243939102,0.32995789514539003,3.0306897174240004,10145.23779296875,0.13269181271122457,0.4843838213561742,0.20555674445876154,0.3937505249606024,0.3682924161703299,178.02144692230223,3624.177,1.0895724820063581,49.298381140568424
checkpoint_20,0.8924181498452619,0.3455698331704711,0.5802393539269578,0.7326453112333755,10.059543848807982,12.26806864832255,0.623594433180379,0.4795984628293545,13.646966370709697,0.2738359673637897,0.6841535861864686,0.8769738643616438,0.938780814230442,3.6092200928330422,6.567259633660316,0.3279961406756192,0.32458162753470243,2.8231070739980786,0.2606410127626732,0.6939381389692426,0.8849721516445279,0.9436333575695753,3.4432118648141623,6.327171190544963,0.31673228098638356,0.3126694486979395,2.6064629910532386,80.47992120827617,85.15817240561337,0.06803448352683442,0.1400699723407156,0.17756527653144527,93.00060652732849,86.92313850212098,0.043261118452530355,0.09323621124029159,0.11695176551304758,0.3300483168662339,3.0298594142059883,10145.23779296875,0.13294789784613925,0.48865319361396614,0.2211327096782759,0.3673575335286972,0.34038623766142545,177.92218180084228,3594.5793364562987,1.1215866722092032,50.26568067489352
checkpoint_21,0.8619845448267287,0.378957581422738,0.621956648806297,0.7667447337196975,9.816739463310345,11.979053184330787,0.5922603186132356,0.47293616768451,13.980235091450659,0.2698890379918739,0.6910291612297297,0.8847383297085762,0.9429691073447466,3.6109991018921135,6.57057116445899,0.32105001556500795,0.31788923267275093,2.937490437483415,0.2543655370399356,0.7010658736564219,0.8928615319281816,0.9480662665665149,3.437054098561406,6.3283819959163665,0.30846310468390586,0.30448522319085897,2.666293562201783,81.1773321320739,85.02212601466809,0.06260615936514145,0.13480844370781647,0.17226868196850337,93.3435153503418,87.02667607307434,0.04446723572257906,0.09345954141672701,0.11655565158091485,0.3296217720724305,3.033780183003997,10145.23779296875,0.13487894205053322,0.48607592901197966,0.2071255334388368,0.3799773317116688,0.3503368404259564,178.05192272567749,3602.4447792053224,1.170851668761245,52.92370447434698
checkpoint_22,0.8547209480813382,0.3744996732662755,0.6125490206552551,0.7542734137111602,9.737200014682523,11.85932615657491,0.6002635998370055,0.46617879438387,13.856248397074785,0.2802502650665119,0.6841322155557573,0.8833316502422094,0.9409800598025322,3.628284113690257,6.564096706941724,0.3271900480892509,0.32376251340471207,3.1749411427415906,0.2633827777635306,0.6946502466835082,0.8926866186261178,0.9469089949727059,3.429756884738803,6.278047024309635,0.31316274510882797,0.3088087370507419,2.8691154774688186,81.20868548241016,84.96995849547936,0.06195734082405344,0.13248359961448533,0.17070181109677832,93.42672861862182,87.14299301338195,0.044781834188150245,0.09378881634771824,0.11682076281122863,0.33021533674983106,3.0283269391499927,10145.23779296875,0.13494874282627944,0.48301980871995703,0.19815486859071454,0.3976764698647796,0.37052305304381,178.0447490348816,3615.795571746826,1.1861885523343727,52.88057728262458
checkpoint_23,0.9284210255242078,0.3570827496632272,0.5914951475940897,0.737201818302027,10.222408634981221,12.38041182933615,0.6253199546684931,0.4758641160791354,15.67611209825065,0.2660050855576992,0.701195324473083,0.8865157180726528,0.943116500839591,3.5902403052598237,6.575805055260658,0.32033452711068094,0.3172299684137106,2.970719465367496,0.2522707592761144,0.711476900678128,0.8937531820982695,0.947602222263813,3.416650854408741,6.326583357289434,0.3086147221699357,0.3050344090927392,2.716863221231848,81.14925538905848,85.43032132430143,0.06573431840871623,0.13749011810608563,0.17458563814977235,93.40154235076905,87.06174496269226,0.045170723843039016,0.09485193704627454,0.1178305858168751,0.33006496657927525,3.0297065767500024,10145.23779296875,0.12768430671271214,0.5033069704969528,0.20506195604461927,0.40111072230990474,0.3727649656442777,178.00558895874025,3590.632643829346,1.1347582844926842,48.703798677597725
checkpoint_24,1.0075233417246794,0.3605866994580551,0.5948062129571791,0.7323965381658839,10.502539099029441,12.692271203756926,0.6447133204175085,0.4903337699178508,18.330685759770077,0.28718094373028724,0.688417030826211,0.8825195297896862,0.9395419729650021,3.656585361659527,6.675633346483111,0.3334444668516517,0.33022231453098355,3.398660703683272,0.27004257461428643,0.6981747589632868,0.8908294030874968,0.944943630233407,3.4645134191960096,6.39565751054883,0.31987098812963816,0.31582452574465425,3.063968443297781,81.39043357683265,85.35743441167085,0.06492895044329866,0.1360346787761006,0.17304253176772508,93.55019422721863,87.1372774734497,0.04656137455673888,0.09618812147900462,0.11852423624135554,0.329418638872163,3.0356509377360053,10145.23779296875,0.1304104528369363,0.491152085365218,0.18862383735618715,0.41789831623733553,0.3910491442204546,177.9675478477478,3610.564170562744,1.1491625116116233,49.17580246026175
checkpoint_25,0.8185796930430516,0.3717059792621297,0.616483197728996,0.7655875435228505,9.88705081683758,12.118505629568604,0.5897890326932008,0.4695131785778704,13.040911060082928,0.26913413043506446,0.6857302058488131,0.8846968610286713,0.9431550787389278,3.613005548581481,6.58125813396275,0.32172365161776545,0.3181715513467789,2.930706910479814,0.2538766432357952,0.6962891189269722,0.8935447510406375,0.9486389559805393,3.4228571625053883,6.308809691235423,0.3085140220131725,0.3039901762139052,2.659035911364481,81.01880683541641,85.28634725214769,0.0641597032736801,0.1350448391677393,0.17285883664260873,93.42680234146118,87.0743875656128,0.045867647931561804,0.09514934227708727,0.11765603347681462,0.32970108967717315,3.0330503334979877,10145.23779296875,0.1289292315882255,0.4859279079291851,0.20890460306736455,0.38127468425513944,0.3559499720114997,177.87637977218628,3590.3628171691894,1.148929793316339,48.41227952648912
checkpoint_26,0.9118874130823287,0.3752153624750611,0.6104779555619134,0.7493214761586049,10.100733807504668,12.350031555937592,0.6141107364233005,0.47161668532246265,16.057665449769686,0.2735053645884618,0.6954680312424898,0.8850403459593653,0.941824329584837,3.52978443826735,6.447274714753032,0.3241879188083112,0.3208806267995387,3.0805441912477836,0.25692297180835155,0.706128574796021,0.8934185654222965,0.9472032220363616,3.3343687071725725,6.160037280529737,0.3104669979978353,0.30642880842462183,2.7586354482518507,81.13982028339295,84.8170813442088,0.06542568229129174,0.1353942183444002,0.17200175721087535,93.37345844650268,87.07701223564148,0.045331352185457946,0.09461740439943969,0.117350385569036,0.32873344638217006,3.0419782684279926,10145.23779296875,0.13074719068700746,0.49323302307875316,0.20065460738383958,0.39444181199781936,0.36907248902530304,178.0253960609436,3627.371319946289,1.355005766113954,59.578371187738014
checkpoint_27,0.900115656596329,0.38666685419931696,0.622103628425843,0.7592213566788693,9.841224694087229,12.024829239726456,0.6058124528730965,0.47226585007646005,15.313955171035095,0.27918954052962364,0.6881265550814569,0.8859316807389259,0.942190387263894,3.5715914901793004,6.505089329481125,0.3265868997965008,0.32325282533466815,3.1631792677007615,0.26407824973296373,0.6963038123995066,0.893402337372303,0.9471078973561525,3.3938445211052897,6.248500406518579,0.3145694136694074,0.31036622129939495,2.87544740226306,81.14889428120347,85.31297815474825,0.06916349560400778,0.14021531186988404,0.1760476794007118,93.50793735313415,87.19928989219666,0.04636580161144957,0.0953429146958515,0.117874284112826,0.32857808801637367,3.0434165772800044,10145.23779296875,0.13646637574445303,0.47814376388013397,0.20257349199952585,0.40171452273445046,0.37623532051986497,178.03311162185668,3627.243913116455,1.2830202618225344,55.03367042507445
checkpoint_28,0.8547128261708005,0.37295290278596993,0.6158070885993815,0.7604976905801658,9.879098829110113,12.065432311645305,0.5968785706650005,0.4730239379653696,13.991983372125219,0.27009160635247825,0.6929762596562504,0.8824464530050754,0.9411218238323927,3.6147877294570208,6.584853310182691,0.3240631137378514,0.32083386260084806,2.97336193896085,0.25400538816582413,0.7042218209803104,0.8912556065320969,0.9466404006779194,3.4196987301781774,6.312759763300419,0.3105949134360999,0.30653961185738443,2.6843811859674753,81.58163041722263,85.23046747388794,0.06339647863804748,0.13297205871646608,0.16940218159538903,93.34633226966858,87.05040082931518,0.04406395347160287,0.09400508652813733,0.11713401805236935,0.3290243466517667,3.0392887644219884,10145.23779296875,0.1313336843548565,0.4978954779306345,0.19890945156325993,0.399008929933088,0.3725066638366245,178.05169130325316,3623.754333618164,1.1359156570163156,46.81918695446422
checkpoint_29,0.8568093629830839,0.3714764490362839,0.6102897727947516,0.7557577334800027,9.80293341248244,11.970562974506805,0.6017063491053444,0.45947485569544827,13.91689610790268,0.27755653608683495,0.6882890142910183,0.883779376283288,0.9411506514251232,3.593584921061993,6.547678258016705,0.3274582482483238,0.32406174384430053,3.1063574448693543,0.262899332517758,0.6980268410928547,0.8914296343773603,0.9459356759041547,3.415375217959285,6.284204155117274,0.3154650831371546,0.3114979722686112,2.829212761742994,80.93710862136469,84.85478657954393,0.06605586777404458,0.13672425786208314,0.1733167007554809,93.45710705375672,87.1600938796997,0.045891860567731785,0.09512087608128786,0.11768388386070729,0.32950690219266443,3.0348377935200115,10145.23779296875,0.133754114372993,0.4806779582952168,0.21318545342251352,0.39472589418743254,0.36683857771070966,177.97547732162477,3627.993692504883,1.1411703701977216,47.09826572225775
checkpoint_30,0.8478911043637932,0.38413446713019056,0.6259831780864918,0.7699058222090104,9.836845056028977,12.03922005064672,0.5865482723766685,0.4604492951341612,14.608647043021646,0.2644601191617548,0.7036709224730731,0.8878221261426806,0.9440900161266327,3.529749191969633,6.476738243609667,0.3171490475460887,0.3138387973885983,2.923491703523323,0.24955104852747173,0.7152257104255259,0.8962568480297923,0.9490348509848118,3.3421598556488754,6.199975565478206,0.30398182273842395,0.29990936910174787,2.647094697116874,81.49091629362967,85.19517265717217,0.06466343441939718,0.1340326218057699,0.1702270162636747,93.41799008369446,86.98604594612121,0.04616724502039142,0.09574520126916468,0.11805481897294522,0.32949313139502856,3.034964631178009,10145.23779296875,0.13150381099240852,0.487302758941874,0.20562259239188382,0.3969898311465378,0.3710896762930714,177.82980532836913,3632.7057564086913,1.18994801584099,49.07507203251975
checkpoint_31,0.8487494504860031,0.3816753080542672,0.6187907334672446,0.7601265634055064,9.658184740380053,11.873765029701598,0.5894115474413983,0.45723298023211634,13.580661500077973,0.27499049198627473,0.6921254938617348,0.882999734312296,0.9412360272109509,3.59691316524148,6.554261655643582,0.3260901682898402,0.3229292744081467,3.0694406114127486,0.2610110252071172,0.7029993524737657,0.8907026554495097,0.9459515446275473,3.4138108065649866,6.283627700150013,0.3137743245298043,0.31000976489298043,2.809858874250669,80.84324944584955,85.10683274558302,0.06926813091581194,0.1396158794253464,0.17535316762442976,93.49913916778564,87.12015409469605,0.045904249184648506,0.09586673873011023,0.11801832391880453,0.33008871834106734,3.0294885721199973,10145.23779296875,0.1382819909407252,0.486788344804,0.21664413909398586,0.3786273142949885,0.3514490547782281,177.89797387695313,3620.4818903808596,1.2278519757390023,50.73240103690964
checkpoint_32,0.7763031313968276,0.37810475075588407,0.6221290268712253,0.7715764647942785,10.135891591670488,12.42160819940333,0.5811913732519932,0.4736669919082979,13.0463791758554,0.2564603960765526,0.7052771579399705,0.8871368387639522,0.9449724761098623,3.535398121058941,6.515430260568857,0.313369596330449,0.3098692210186273,2.7628609506916253,0.24285299269016833,0.7162321775853634,0.8949077752232552,0.949563977137208,3.3564106720611453,6.256035579651594,0.30145903729926793,0.29730407981574536,2.508652573747095,81.24065542986429,85.28065560263633,0.06759613635523934,0.13763063269020373,0.17355994708744302,93.38278162384033,86.98281729316712,0.04550456266570836,0.09524839660711587,0.1178093246780336,0.3297848958921978,3.032279563000018,10145.23779296875,0.13357489007264758,0.48423588419621444,0.20391943932343426,0.376139482944035,0.34951436364462796,177.88730316543578,3621.9485513305663,1.2854647491132576,52.85553625210693
checkpoint_33,0.8106430333435801,0.3908535803431823,0.6310963652853583,0.7708120848284429,9.469509722015,11.680288420240483,0.5814560715237854,0.46602916827500895,13.075493784028163,0.27113272607140243,0.6949070131331683,0.8827566341012716,0.9410470345318317,3.57028918646276,6.535408066600561,0.3238698850572109,0.32059742384590206,2.984884769426659,0.2570312524028122,0.7054899470694364,0.890960690073669,0.9460344385504723,3.3915649859607218,6.282806702956557,0.3116537461336702,0.30772116157971324,2.736824425406754,81.5009857767446,85.32799333482372,0.0646800951541975,0.1333229333315971,0.17054951838721233,93.35318294906617,86.99103359985351,0.04634875805908814,0.09633298037014902,0.11850298837199807,0.3298016604107973,3.032125425792008,10145.23779296875,0.13471515740432752,0.48477813744846027,0.21154547375674027,0.37974422511597133,0.3552464947190076,177.86038144683837,3623.5697930908204,1.1316112875778759,45.49341702330113
checkpoint_34,0.825503435688758,0.3833204278785686,0.6282704166393948,0.7754498493230008,9.82788770610605,12.041730696834394,0.5780116781681492,0.45419021442981306,13.866355656848542,0.2585418954314664,0.7060244332440198,0.8898079827874898,0.9453861150443554,3.517116047397256,6.463028020754456,0.31375035698525605,0.3107007440505549,2.858872232377529,0.24478299544379115,0.7171281573250889,0.8975954606831074,0.9499584483057261,3.327801764436066,6.188781221866607,0.3015372234862298,0.297665037500672,2.6005276834368707,81.21741008453206,85.04021229331751,0.06653828919116091,0.13576661111380772,0.17189380968018056,93.38474658203126,86.93763472938538,0.04625592990184668,0.096308230843395,0.11839982217177748,0.3301357032271534,3.029057415555988,10145.23779296875,0.13922638002637955,0.4713068142275339,0.21278357374096768,0.380820765136905,0.3541806829412112,177.80837958145142,3639.4435147399904,1.2007629318668374,49.83330180708
checkpoint_35,0.8869819165919902,0.3825043957336322,0.6193875916693713,0.7602369914776885,9.866050335262083,12.146153817340727,0.604551822129377,0.47963280842543304,15.317544992718819,0.2818913500895724,0.6836099853701889,0.879588260024786,0.9390080394297838,3.6801032171994446,6.711781153470278,0.3321177867874503,0.32922159084677693,3.217392404956743,0.2651730132503435,0.6937403172254563,0.8881330960392952,0.9445286129713059,3.4715746870785953,6.411735398083925,0.3185702062230557,0.3147939327079803,2.883243492078036,81.14890817891752,85.17893632375663,0.0700194028953253,0.13932801885102422,0.17502348825514516,93.60847012519837,87.10693862533569,0.04725833252375014,0.09709789075795561,0.11886647177487612,0.3306369018605562,3.024465794268006,10145.23779296875,0.12790588568844585,0.49856507625891994,0.2081674050861162,0.39018860516093046,0.3648218575395935,177.8287039489746,3583.741079711914,1.1193775592004616,43.97761324923379
checkpoint_36,0.8394378503842016,0.3887138989546598,0.6288789190484414,0.7662227705754973,10.017883205541771,12.308604213134227,0.59281494616979,0.4717047151391376,14.907799440526968,0.2697173338113353,0.695459548253566,0.8857793436348438,0.9427426984012127,3.5894180188179017,6.5874834705293175,0.32240413104183974,0.31919672347791495,3.0560476284567266,0.2551809282777831,0.7054279138743877,0.893966194704175,0.9478003253042698,3.395039684832096,6.299681801483035,0.3096865442171693,0.3056136610321701,2.7729963637366892,81.42005457050685,85.4809075178102,0.06706537823330225,0.1362419435447865,0.172486338773759,93.51380439376831,87.02155186653137,0.04684808516362682,0.09660413569863886,0.11854450114443899,0.3304656475449035,3.0260331366639877,10145.23779296875,0.1376807106346655,0.4795353052759549,0.20762681079717016,0.3963889922152122,0.36746474499505644,177.78595458984375,3643.2079658203124,1.2917923564522393,53.43092547770909
checkpoint_37,0.7886024166463472,0.38565031751093165,0.630541230031731,0.7727426917368324,9.474367589716476,11.744532026168269,0.5806431728229707,0.46668186865427747,13.176137137288588,0.26596912315674126,0.6998081834800541,0.887542390987277,0.9441978183239699,3.531113168463111,6.48279111212492,0.3201112030576915,0.31680854948051274,2.9410093654636293,0.2512431391794234,0.7107623225338757,0.8958650440126658,0.9491946769505739,3.341050392203033,6.200666567519307,0.30714076953195035,0.3030436501465738,2.659978670679964,81.18624455940466,85.47486014369483,0.06845019473876494,0.13776792599484428,0.17319523435376277,93.50907290267945,87.06943875312805,0.04689115816983394,0.0968314000563696,0.11873002473637462,0.3302810518579549,3.027724401307991,10145.23779296875,0.1363254165885246,0.4856515781405129,0.22940022232398447,0.36476034560974985,0.3362747387219574,177.7918268470764,3639.1425340881347,1.2725384793340095,51.690797146716285
checkpoint_38,0.7959776576667761,0.37999000015058676,0.6311359504607827,0.772050061793421,9.821387289393265,12.154039870215728,0.5843630513627972,0.47081600914730903,13.142960636673775,0.273835799658671,0.6852084635570646,0.880950257152319,0.9406691732406616,3.637048200309277,6.637154662519693,0.3262013025553897,0.3230482574310154,3.0397951777065173,0.2602983433790505,0.6947257211059332,0.8886054939106107,0.9453455534279347,3.4551822776496413,6.374818876683712,0.3149089478002861,0.3112621591202915,2.776095300278626,81.0763050950312,85.17766998586401,0.06776383830028364,0.1379022616332611,0.1746039181261991,93.6575453968048,87.15385413360596,0.04681582304043695,0.09636938565596938,0.11815915618091821,0.8933519384564268,1.1193796721679974,10143.73876953125,0.13882889501752546,0.47092999445737305,0.21860783701329853,0.37258028154747613,0.3429271802463678,177.80836391067504,3556.278231933594,1.168978181176952,46.16303548525913
checkpoint_39,0.9097197788154722,0.37421774479372105,0.6096032169752007,0.7487414719598668,9.943602243059475,12.205413481138466,0.6161674801101259,0.48231883588132574,15.874539048638894,0.271825813697651,0.6948789939545095,0.8858576000928878,0.9424398830831051,3.5766701868772506,6.544112640991807,0.3230190539015457,0.31996690393425525,3.088198390007019,0.2548852846818045,0.7063357058055699,0.8948359260112048,0.9481207080632448,3.3808907048031687,6.2642389692366125,0.30882800617907197,0.3049583626454696,2.7749012149991468,81.24981585539253,85.16897173185606,0.06516830114019137,0.13463622035927658,0.17118758086319139,93.57466066360473,87.0116115474701,0.04652885534230154,0.09640594436973333,0.11814678881317377,0.8916849476031478,1.121472334694001,10144.23779296875,0.14046276813824762,0.47807651981278215,0.1969804509999856,0.3997879636484379,0.3739772606807858,177.85483058166503,3622.7212164001467,1.2729919028771775,52.50585625217643
checkpoint_40,0.8131452833478205,0.3893148481319207,0.6336266117388795,0.7695881877628232,9.83597750321311,12.168907487737998,0.5876969136796385,0.4702656513605892,14.289430432716593,0.27733342672884465,0.6878874769322574,0.8847040910571814,0.9422573667764663,3.6399988564401866,6.673346692442894,0.3267167867384851,0.3233391318311915,3.211859150188975,0.26275339846313,0.6974884773530066,0.8925689172297716,0.9470362042486667,3.447715229049325,6.393168978691101,0.31466664557438345,0.3105392016908154,2.9152356407148763,81.49937562763087,85.53966190759766,0.07120588235144319,0.13862218758813746,0.17356334156060238,93.73081435966492,87.2143613910675,0.04787029860075563,0.09752337608300149,0.11898686293885112,0.888085908198024,1.1260171913199883,10144.23779296875,0.13468465370543792,0.47797397865680685,0.2030710392779521,0.4121102002147427,0.3824665479834251,177.73759935760498,3647.3826742858887,1.2129562044335263,50.25136425881727
checkpoint_41,0.8432852438629143,0.37960039934620193,0.6218782333003495,0.7643557428818325,9.872834611104535,12.14670280644444,0.598273051061262,0.478181386700274,14.756635832673927,0.2706781520014629,0.6912401491552591,0.8838277644962073,0.9421032692939043,3.5751048136502503,6.527701423376799,0.32428397229127587,0.3209576467182487,2.987964865060523,0.25618126783613115,0.7019931564740837,0.8920945779234171,0.9470121642202138,3.3772221042364836,6.238592515319586,0.3116852494850755,0.3074081501848996,2.70095692230016,81.27067842412224,85.24001940088621,0.06791966553436292,0.1372854685216569,0.1731717814802434,93.61997263336181,87.09128729438781,0.046350392126478256,0.0961378261204809,0.11791727037914097,0.885794275146345,1.128930303636007,10144.23779296875,0.13526090684478242,0.48224957424138776,0.20424820643812014,0.3997626693790987,0.3722217821033873,177.78026527404785,3595.7991168518065,1.1979482228846419,47.88833424173083
checkpoint_42,0.7983168945690001,0.39900103751895966,0.6416849567868035,0.7809059458305416,9.497628081145388,11.758799291505333,0.5756777508705713,0.4608551309338278,13.39567835464864,0.2753672025799751,0.6903598631992937,0.8834722037762404,0.9412068449407816,3.590757546469569,6.554059027448297,0.3256333904005587,0.3225738940834999,3.1010814187992364,0.26157697156723586,0.7005545688234269,0.8912276078537107,0.9458966119736433,3.4113522326648233,6.2973067424595355,0.31380076104961335,0.3099794394429773,2.8437875097319485,80.92020077682899,85.10425238579911,0.06796037133181475,0.13715004597513203,0.17342413208620688,93.5951409702301,87.0978465976715,0.046904048583935945,0.09700335262529552,0.11880531563609839,0.8848536073430295,1.1301304438399966,10144.23779296875,0.13623202211951005,0.47540843477988126,0.21842448299056375,0.37142070940523814,0.3461467568130212,177.79397066879272,3618.4897559814453,1.1594804923034139,46.6298715646267
checkpoint_43,0.855749894021074,0.3666298724591964,0.6154310365861607,0.7591713864404218,9.65467938659619,11.845637127251289,0.6055715439722348,0.4744719489918225,14.141258586410688,0.27450535383075475,0.6883594827316701,0.8827737689912319,0.9412796304821968,3.616889546766877,6.603388122782111,0.32634226175397635,0.3230403931736946,3.0543980122525243,0.26013157768920064,0.6993397245444357,0.8908536357581616,0.9461012852787971,3.4407849533632398,6.357708785533905,0.31411545382998884,0.3100495311226696,2.7944606427671386,81.10780529689539,85.30209706168439,0.06940663039848606,0.13893734550236245,0.17447365191374328,93.58031546401978,87.06658386230468,0.04655045976885595,0.09619043926429004,0.11800775666721165,0.8847961012137533,1.13020389514399,10144.23779296875,0.1382048795980286,0.47098624923018995,0.21834305557045325,0.38779031087116206,0.36239983300688733,177.75727019119262,3602.214424316406,1.3702973611615599,55.71339859781947
checkpoint_44,0.8080888664146998,0.3818628510288015,0.6271457040769736,0.7711951060391157,9.647757910469759,11.915569451724194,0.5867284696442663,0.46994731238678467,13.253561622531592,0.2728795909313485,0.6891024989113211,0.8848869347721339,0.9423235605359077,3.5965100655406714,6.586861257448793,0.32442919156327843,0.32102875564433636,3.07526194412075,0.2571105529898778,0.6998839017413556,0.8936686309725046,0.9476388615220785,3.405869573675096,6.3083480203002695,0.3114476228654385,0.30717122385464607,2.7798281476050617,81.19736883064736,85.25163747743986,0.06925526601251436,0.13990288267907805,0.175012183912271,93.47322473716736,87.07471525382995,0.047424849308561536,0.09748708398547024,0.11926423162594438,0.33058962578038614,3.024898309012,10144.73876953125,0.13931129856937693,0.4729673301333495,0.21079348279104812,0.3816003748534486,0.35371653291024624,177.67741596603395,3624.752731781006,1.195602148655802,47.23806703679902
checkpoint_45,0.8542836012747945,0.36970902918085313,0.6120798258937442,0.7561023920736488,10.07743471392207,12.396011870016737,0.603471458120957,0.4801873318727205,14.524428213780734,0.2694429663224146,0.6923080323971808,0.8849538100361825,0.9423616139739752,3.6022021500766277,6.613426679104567,0.3233020641300827,0.3203131578136236,3.021342940226197,0.2566496482416987,0.70169368987903,0.8922221580520272,0.9467634500861168,3.4353774353563784,6.364582005992532,0.31197749444190415,0.30830476801283657,2.7785831517172044,81.0463056394218,85.23045896572506,0.06903942769594541,0.14033070265633824,0.17605418256444305,93.62090948486328,87.11077374839783,0.047451218424830584,0.09731816004123539,0.11893414906412363,0.33077447109696834,3.0232079177199997,10145.23779296875,0.13746421643672557,0.4827132585775255,0.21885946295849432,0.36851931223878726,0.3410866838367817,177.80110304260253,3617.1718965148925,1.2427579340274846,50.49151812325206
checkpoint_46,0.8735311457795394,0.3744042384865473,0.6270063513377613,0.7694891353651458,9.856298646976038,12.196482692994671,0.6053228159716273,0.493406371685415,15.299285294099906,0.2763646636242047,0.6839465207271278,0.8811546732485295,0.9404245604425668,3.621852309495211,6.624989054828882,0.32833110211603345,0.32501627700123936,3.1168198936246334,0.26151273083407434,0.694173429735005,0.8897429440170527,0.945591999232769,3.4335320224910975,6.356174921363592,0.3161397264469415,0.31192006955016405,2.83337392693758,81.52685108521901,85.48772031569165,0.067484591874796,0.13635343497664296,0.1722251761530489,93.54887894630433,87.09594079017639,0.04747176430188119,0.09740675458498299,0.1191284497026354,0.3310251255376173,3.02091872445,10145.23779296875,0.1327512800288316,0.47993403196948914,0.20892584597080568,0.3901566953755551,0.3628925198514234,177.65063132476806,3620.4572415161133,1.2319921147700932,49.45398272378104
checkpoint_47,0.8769926085892369,0.36890066166496255,0.6152041410156839,0.760261680812874,9.606702086432227,11.813692819098595,0.6089227911024042,0.4756898968371507,14.827330360433152,0.28464621827378866,0.6793133937604725,0.879876603871584,0.9395139434337616,3.656710449025035,6.617719018936158,0.33324680116865785,0.32964195319171996,3.2382382869329303,0.2687282900288701,0.6893699367940426,0.8882466144859791,0.9446630488634109,3.478563227199018,6.362162073686719,0.32029713469929993,0.31593994161859157,2.943447616973892,80.98876826481897,84.74206079683806,0.07112967158353359,0.13964091458116165,0.17439115887572026,93.60651294517517,87.10793301200867,0.04704802481550723,0.09687525744363666,0.11855054161697626,0.3309556142169487,3.021553214517999,10145.23779296875,0.14084105433101365,0.4683294742002216,0.21134764267459272,0.38578221850211,0.3580241673175483,177.7778244895935,3622.919699432373,1.16560898159125,46.22880543175766
checkpoint_48,0.8326626055626196,0.3761909397050359,0.6240536442659411,0.770217306464831,9.642756774226683,11.87386184578939,0.5916055771913035,0.4680336688729308,14.218154964706255,0.27469229909963905,0.6884910301454366,0.8825400177836418,0.9416052018851042,3.620905901476741,6.607388549059629,0.32689105041325095,0.3232911324799061,3.078450425352901,0.260019171028398,0.6988827724717558,0.8904954634606839,0.9464018938541412,3.4378692722544075,6.343570135623216,0.3146051161168143,0.31026678138412533,2.7976262352932246,81.09937399515556,85.58158896183052,0.07165135268231583,0.1411689916369936,0.17633225441914302,93.56778888320923,87.06522853469849,0.046825060802628285,0.09649900875613093,0.11827945782057941,0.33120487465357673,3.019279233272,10145.23779296875,0.1368374797472146,0.4710662989594854,0.21688275814090116,0.38092864184150527,0.35424498180097813,177.64485570907593,3653.1327645263673,1.2094618127468442,49.02576710242885
checkpoint_49,0.8142360771357657,0.38584394099924496,0.6290398089596234,0.7730314184580497,9.643901200269594,11.874999528920993,0.5844241616394995,0.4702359526512376,13.626656424390351,0.2752498625097796,0.6872984181717038,0.8823226035684347,0.9403989123702049,3.6383444973379375,6.632278585538268,0.32799558153003455,0.3245427334792912,3.0927799651399255,0.2604080665521324,0.6984230757094919,0.89094707287848,0.9454867733418941,3.444213660903275,6.354406177431345,0.3152742020152509,0.3110743786506355,2.8159662859737873,81.30821157720096,85.32046745864814,0.06953738876344015,0.13801208823774785,0.17365305507621606,93.53851659965515,87.124291223526,0.04716385065461509,0.09729150846693665,0.1190288488380611,0.33040306935010516,3.0266062659979998,10145.23779296875,0.13497591955592028,0.48565909957943176,0.2211363754933609,0.37697821858166436,0.35037458252195963,177.87266106033326,3634.943051940918,1.2711403488101702,51.86063398560455
